<?xml version="1.0" encoding="UTF-8"?>
<Signature xmlns="http://www.w3.org/2000/09/xmldsig#">
  <SignedInfo>
    <CanonicalizationMethod Algorithm="http://www.w3.org/TR/2001/REC-xml-c14n-20010315"/>
    <SignatureMethod Algorithm="http://www.w3.org/2001/04/xmldsig-more#rsa-sha256"/>
    <Reference URI="#CRS">
      <DigestMethod Algorithm="http://www.w3.org/2001/04/xmlenc#sha256"/>
      <DigestValue/>
    </Reference>
  </SignedInfo>
  <SignatureValue/>
  <KeyInfo>
    <X509Data>
      <X509Certificate/>
    </X509Data>
    <KeyValue/>
  </KeyInfo>
  <Object Id="CRS">